productId,productName,purchasing_price,selling_price,maxDiscount
1,Wine - Charddonnay Errazuriz,5367,1440,0.722013012
2,Bread - Assorted Rolls,3777,1955,0.722242457
3,Container - Clear 16 Oz,4399,4393,0.126015687
4,Flour - Semolina,2529,4453,0.187312514
5,Jameson - Irish Whiskey,600,3636,0.213242742
6,Kaffir Lime Leaves,426,6001,0.277094166
7,Jello - Assorted,5932,1959,0.444663595
8,Potatoes - Idaho 80 Count,3588,861,0.548299668
9,Beer - Fruli,5458,863,0.278004503
10,Sauce - Caesar Dressing,6488,141,0.871593312
11,Capers - Ox Eye Daisy,5676,1389,0.500502826
12,Crab - Soft Shell,501,209,0.958390386
13,Tomatoes - Heirloom,1114,3606,0.300268823
14,"Loaf Pan - 2 Lb, Foil",4549,124,0.3559481
15,Cream - 10%,3785,6268,0.226757747
16,"Soup - Canadian Pea, Dry Mix",2090,6836,0.182080521
17,Sprouts - Pea,976,3735,0.048883641
18,Sour Puss Raspberry,1584,2956,0.839624693
19,"Radish - Black, Winter, Organic",1935,6253,0.232652373
20,Eggs - Extra Large,6620,2345,0.389062549
21,Potatoes - Yukon Gold 5 Oz,3962,5291,0.848809319
22,Beef - Kobe Striploin,6681,1549,0.778991212
23,Versatainer Nc - 8288,6616,5634,0.54328357
24,English Muffin,1535,3490,0.214420404
25,Nacho Chips,2126,2041,0.726953977
26,Silicone Parch. 16.3x24.3,4500,4902,0.254233462
27,Nantucket Orange Juice,3071,4027,0.953583595
28,"Tart Shells - Sweet, 2",3375,6289,0.907856734
29,Veal - Slab Bacon,6681,1738,0.48596714
30,Bread Cranberry Foccacia,1490,1922,0.08636322
31,Soupfoamcont12oz 112con,5511,879,0.777271856
32,"Cheese - Brie,danish",4238,3469,0.650361977
33,Goat - Leg,6219,1339,0.010729373
34,Garbag Bags - Black,2680,578,0.64883629
35,"Pasta - Spaghetti, Dry",268,1649,0.857327378
36,"Lemonade - Strawberry, 591 Ml",4788,4030,0.953644343
37,Cheese - Parmesan Grated,175,4794,0.03829856
38,Cookies Almond Hazelnut,279,4191,0.996132674
39,Quinoa,2519,5635,0.102494118
40,Duck - Fat,4327,1235,0.72968677
41,Blouse / Shirt / Sweater,1535,2862,0.42130137
42,Pear - Packum,1617,3589,0.122206318
43,"Coconut - Creamed, Pure",1821,2140,0.092715361
44,Pepsi - 600ml,4155,6961,0.558654219
45,"Beef - Tongue, Fresh",1285,1563,0.003562538
46,Wine - Fino Tio Pepe Gonzalez,5212,6078,0.526553346
47,Juice - Lime,1461,4305,0.556855182
48,Towels - Paper / Kraft,294,1679,0.812741346
49,Venison - Striploin,1851,3785,0.059697845
50,Dip - Tapenade,6843,72,0.32901632
51,Soup Campbells Mexicali Tortilla,6155,1254,0.155431389
52,Wine - Ice Wine,2846,848,0.427171423
53,Bag - Clear 7 Lb,4853,4185,0.982339804
54,Mace,1623,4499,0.002389293
55,Shrimp - Black Tiger 26/30,441,1253,0.151254966
56,Cheese - Montery Jack,6110,4406,0.378035307
57,Marzipan 50/50,241,3923,0.392287525
58,Cheese - Pont Couvert,2177,6458,0.183862311
59,Asparagus - Frozen,1362,4697,0.769211972
60,Carrots - Mini Red Organic,828,179,0.242422991
61,Bread Base - Gold Formel,3990,6191,0.172268924
62,Wine - Valpolicella Masi,3059,822,0.104292487
63,Meldea Green Tea Liquor,6910,3743,0.758494252
64,Longos - Burritos,3435,973,0.529883963
65,Wine - Muscadet Sur Lie,1266,4508,0.069090726
66,Nori Sea Weed,6849,910,0.163946351
67,Muffin Batt - Carrot Spice,6180,3729,0.517653251
68,Corn Syrup,5393,3645,0.519998547
69,Chips Potato Salt Vinegar 43g,3138,816,0.820420929
70,Leeks - Large,3209,6853,0.199057052
71,Coffee Guatemala Dark,1414,370,0.670399085
72,"Pasta - Tortellini, Fresh",2496,2280,0.124414558
73,Energy Drink - Franks Pineapple,3212,2961,0.07703378
74,Rootbeer,6394,6869,0.953438999
75,Lettuce - Romaine,4241,5825,0.040224641
76,Coconut - Whole,3130,2135,0.202533616
77,Dc - Frozen Momji,6548,2359,0.926051799
78,"Lamb - Shoulder, Boneless",5703,6417,0.139594417
79,Sauce - Oyster,4695,2915,0.163991103
80,Cloves - Ground,695,4653,0.859978174
81,Sachet,2656,1962,0.825978037
82,Pastry - Banana Muffin - Mini,1183,2554,0.539501335
83,Wasabi Powder,4217,3064,0.060186734
84,Muffin - Banana Nut Individual,6643,1994,0.877401571
85,Icecream - Dibs,2494,1574,0.68186063
86,Cheese - Gouda Smoked,1458,4498,0.594712889
87,Food Colouring - Green,2531,6107,0.98116732
88,"Veal - Chops, Split, Frenched",5184,2076,0.588544463
89,Papadam,1074,3871,0.483903788
90,Juice - Cranberry 284ml,3336,6114,0.026251836
91,Compound - Pear,6926,4711,0.391151218
92,Soup - Campbellschix Stew,2860,2710,0.297140157
93,Whmis - Spray Bottle Trigger,4840,1038,0.799397392
94,Shrimp - 31/40,3476,3506,0.716376093
95,"Juice - Clamato, 341 Ml",2310,3682,0.203824792
96,Caviar - Salmon,2999,6580,0.558030345
97,Beans - Wax,1361,1443,0.448227281
98,"Salmon - Atlantic, Fresh, Whole",5794,1016,0.613863453
99,Pork - Suckling Pig,697,4467,0.861357784
100,Hot Chocolate - Individual,2153,936,0.242292242
101,Hersey Shakes,2672,5509,0.850028502
102,Oil - Peanut,6905,3990,0.282242979
103,Octopus,6541,4602,0.015114657
104,Lid Coffeecup 12oz D9542b,2583,6073,0.739221885
105,Wine - Chateau Bonnet,5033,991,0.119309734
106,Tray - 16in Rnd Blk,5502,3965,0.53157174
107,"Beans - Black Bean, Canned",2922,2504,0.663583572
108,Oyster - In Shell,6294,1675,0.617686288
109,Fruit Mix - Light,331,137,0.870326836
110,Sauce - Hp,4029,4614,0.704044071
111,Heavy Duty Dust Pan,5878,806,0.40674425
112,Carbonated Water - Cherry,5749,2829,0.493712307
113,Galliano,1790,6398,0.044373213
114,Steampan - Foil,4633,2464,0.597957416
115,"Beef - Chuck, Boneless",2007,83,0.659839421
116,Walkers Special Old Whiskey,6366,1317,0.615691992
117,Icecream - Dstk Super Cone,6766,2651,0.739714868
118,Wine - Magnotta - Cab Franc,951,2372,0.619300401
119,Table Cloth 120 Round White,3029,2956,0.809545292
120,Pecan Raisin - Tarts,1916,2413,0.827909065
121,"Radish - Black, Winter, Organic",5646,1933,0.917201525
122,Spring Roll Wrappers,6346,5532,0.483697515
123,Wine - Bouchard La Vignee Pinot,3052,5142,0.026077825
124,"Juice - Pineapple, 341 Ml",6171,86,0.146718753
125,Capers - Pickled,6405,2231,0.35506274
126,Chervil - Fresh,5065,2244,0.213850009
127,Danishes - Mini Cheese,350,4467,0.769850515
128,Island Oasis - Mango Daiquiri,651,4769,0.075859014
129,Oil - Cooking Spray,2653,299,0.388156726
130,Wine - George Duboeuf Rose,1216,6248,0.811175532
131,Wine - Vovray Sec Domaine Huet,207,942,0.274981919
132,Pepsi - 600ml,3879,5232,0.544469086
133,Cheese - Mix,3334,490,0.27622581
134,Nori Sea Weed - Gold Label,1417,450,0.377992634
135,Coffee - Hazelnut Cream,4840,1592,0.291835337
136,Steampan - Foil,2866,2974,0.260294708
137,Pastry - Lemon Danish - Mini,3994,4717,0.070545526
138,Neckerchief Blck,4266,3463,0.212837085
139,Wine - Prem Select Charddonany,308,4185,0.413591912
140,Yogurt - French Vanilla,5868,4464,0.314816505
141,Table Cloth 54x54 Colour,1256,1032,0.098015525
142,Pate Pans Yellow,3749,2636,0.931576364
143,Chocolate - Milk,1228,1848,0.277094724
144,Otomegusa Dashi Konbu,3745,3668,0.681568671
145,Mousse - Banana Chocolate,4180,4848,0.859130592
146,Beer - Maudite,5504,5799,0.282482384
147,Lamb - Bones,2353,6367,0.186892711
148,Pie Filling - Pumpkin,113,5728,0.897252944
149,"Rum - Coconut, Malibu",3061,5190,0.130287628
150,Nougat - Paste / Cream,4005,5245,0.950806246
151,Cookie Double Choco,4486,3915,0.981459901
152,Coriander - Seed,786,3443,0.922279114
153,Lettuce - Frisee,3587,6984,0.874476864
154,Bread - Flat Bread,3980,525,0.053383706
155,"Juice - Grapefruit, 341 Ml",5381,1397,0.874366793
156,Island Oasis - Magarita Mix,5310,4372,0.65688141
157,Gooseberry,4872,6039,0.517321956
158,Beer - Fruli,4222,5086,0.76438317
159,Filling - Mince Meat,5859,1673,0.762717077
160,Ice Cream - Chocolate,3680,1105,0.950843276
161,Cake - Dulce De Leche,5955,2976,0.208555083
162,Mushroom - Morel Frozen,2455,2363,0.018743153
163,Chicken - Leg / Back Attach,4796,2910,0.568643663
164,Kale - Red,1310,5689,0.048329035
165,Lettuce - Belgian Endive,6278,4753,0.005951748
166,Beer - Original Organic Lager,2262,896,0.701150257
167,Breadfruit,3785,1699,0.296004098
168,"Pepper - Black, Crushed",6561,4236,0.095837914
169,Cumin - Whole,4596,4940,0.434014638
170,Glove - Cutting,6530,1420,0.40942113
171,Island Oasis - Sweet And Sour Mix,1747,3993,0.802137984
172,Monkfish Fresh - Skin Off,5274,1040,0.980139084
173,Pepper - Green Thai,4658,1670,0.363326749
174,Beer - Blue,5166,3627,0.664419021
175,"Lamb - Leg, Boneless",4751,4979,0.086695299
176,"Beets - Candy Cane, Organic",3286,3749,0.386648323
177,Chick Peas - Dried,5738,5576,0.428334442
178,Pastry - French Mini Assorted,6207,4332,0.727002152
179,Cream - 18%,2294,4489,0.58099729
180,Puree - Raspberry,5902,423,0.032766244
181,Soup Campbells,6682,454,0.225392706
182,Bandage - Fexible 1x3,3500,138,0.027767455
183,"Crab - Blue, Frozen",3296,5062,0.902048995
184,Wine - Ruffino Chianti,346,2898,0.052871746
185,Chutney Sauce - Mango,1116,4094,0.800034054
186,Pastry - Choclate Baked,5877,5654,0.310846133
187,Gingerale - Diet - Schweppes,5651,6388,0.618957509
188,Pasta - Agnolotti - Butternut,3136,3634,0.79365008
189,Thyme - Fresh,1420,6405,0.405836867
190,Potatoes - Mini Red,4752,3450,0.245999031
191,Ice Cream - Vanilla,3208,2813,0.934744727
192,Grenadillo,6220,2801,0.978230081
193,Mcgillicuddy Vanilla Schnap,2623,2988,0.65185203
194,Wine - George Duboeuf Rose,5711,1454,0.029483005
195,Jolt Cola - Electric Blue,6123,4593,0.920605683
196,"Bread - Roll, Calabrese",1753,3850,0.53902669
197,Cheese - Ricotta,4314,1790,0.479339494
198,Sausage - Meat,1616,1798,0.086342469
199,"Apple - Delicious, Golden",5366,5181,0.774323505
200,"Soup - Campbells, Cream Of",1977,533,0.799518809
201,Muffin Mix - Carrot,1913,6020,0.776623668
202,Pumpkin,2798,4223,0.106663387
203,Ecolab - Balanced Fusion,4699,4894,0.856268743
204,Wine - Fat Bastard Merlot,2142,1940,0.992463503
205,Syrup - Monin - Blue Curacao,4100,4745,0.350732168
206,Cream - 18%,6363,5830,0.654520167
207,"Wine - White, Colubia Cresh",494,2946,0.819045265
208,Gelatine Leaves - Envelopes,821,3234,0.352663862
209,Gooseberry,3503,444,0.426775741
210,Sponge Cake Mix - Vanilla,1864,2090,0.881845019
211,V8 Pet,6909,2022,0.002864109
212,Pie Shell - 5,5573,3174,0.009162431
213,Lemon Balm - Fresh,6943,1804,0.187043871
214,Huck Towels White,6595,2678,0.313976332
215,Lamb Leg - Bone - In Nz,4108,3475,0.739122225
216,"Salmon - Atlantic, Fresh, Whole",4487,3755,0.260118256
217,"Shrimp - 16/20, Iqf, Shell On",1283,4604,0.144075618
218,Cape Capensis - Fillet,4729,899,0.720763675
219,Cod - Fillets,552,5973,0.613998328
220,Cheese - Camembert,3619,5473,0.737167167
221,"Cookies - Oreo, 4 Pack",1918,2654,0.063717026
222,Wine - Chateau Aqueria Tavel,3816,800,0.593483912
223,Salt And Pepper Mix - Black,6074,3199,0.63227616
224,Pork Loin Bine - In Frenched,1170,6291,0.012510052
225,"Lamb - Whole, Frozen",5368,986,0.700111016
226,"Bread - Roll, Calabrese",548,1102,0.995916161
227,Soup - Campbells Asian Noodle,4367,126,0.563667048
228,"Sole - Dover, Whole, Fresh",2828,6156,0.236997546
229,Bread - Triangle White,4379,2365,0.18628913
230,"Pepper - White, Whole",6048,1379,0.623680352
231,Pepper - Red Chili,5242,2735,0.141541976
232,Milk - Chocolate 500ml,283,3851,0.278407087
233,Corn Shoots,373,2949,0.397483776
234,Tart - Butter Plain Squares,780,463,0.309007966
235,"Turkey - Breast, Boneless Sk On",4536,1633,0.768489778
236,Crab Meat Claw Pasteurise,713,4776,0.318132448
237,Egg - Salad Premix,6957,4832,0.112688221
238,Oil - Peanut,6707,4856,0.174387132
239,"Wine - Red, Cabernet Merlot",5250,1956,0.368661273
240,"Tart Shells - Savory, 2",1329,4982,0.827913686
241,Tomatoes - Roma,6440,2041,0.760118544
242,Lobster - Tail 6 Oz,2642,363,0.307180412
243,V8 - Berry Blend,3521,4284,0.699375532
244,Spice - Pepper Portions,2591,3801,0.926504652
245,Chocolate - Milk Coating,697,471,0.374845944
246,"Rum - Dark, Bacardi, Black",1928,6807,0.362229642
247,Everfresh Products,6511,5567,0.603615715
248,Sugar - Crumb,2096,5658,0.425738159
249,"Lemonade - Natural, 591 Ml",5141,6050,0.832030898
250,"Mustard - Dry, Powder",6523,5500,0.36949439
251,Broom Handle,720,188,0.909329797
252,Puff Pastry - Slab,576,4521,0.64524227
253,"Soup - Knorr, Chicken Noodle",538,3591,0.814015797
254,Muffin Chocolate Individual Wrap,6504,4395,0.732439953
255,Beans - Fava Fresh,4057,6366,0.743015949
256,Potatoes - Peeled,5585,1474,0.395969355
257,Wine - Cotes Du Rhone,5100,1630,0.167372923
258,Calypso - Black Cherry Lemonade,335,3211,0.223207472
259,Jello - Assorted,4132,6492,0.320477111
260,"Lamb - Whole, Fresh",4222,2521,0.518507252
261,Creme De Menthe Green,3033,2667,0.863289959
262,"Red Snapper - Fresh, Whole",2148,6585,0.451698326
263,Pur Value,5665,5869,0.882412072
264,Appetizer - Southwestern,2264,5735,0.020376744
265,Venison - Ground,804,3628,0.03355571
266,Beef - Striploin Aa,3800,4010,0.009380245
267,Wine - Charddonnay Errazuriz,1472,877,0.247227153
268,Croissants Thaw And Serve,293,692,0.521255012
269,Lamb - Shoulder,5777,3209,0.242147833
270,Vanilla Beans,1103,4848,0.300531992
271,Wood Chips - Regular,3751,1543,0.312597532
272,Chips - Miss Vickies,1926,4903,0.185507508
273,Pie Box - Cello Window 2.5,245,6393,0.988787942
274,Pork - Smoked Back Bacon,4402,2411,0.157845712
275,"Soup - Knorr, Chicken Gumbo",334,1316,0.389088517
276,Nantucket Cranberry Juice,5452,3962,0.552287841
277,"Sugar - Sweet N Low, Individual",112,1373,0.382352484
278,Rice - Sushi,2633,2791,0.403389257
279,"Soup - Knorr, Classic Can. Chili",88,5015,0.107804939
280,Pork - Inside,720,1930,0.993811207
281,Bread - Calabrese Baguette,966,5956,0.469302706
282,Nacho Chips,3834,217,0.121827986
283,Grouper - Fresh,4781,6024,0.328273053
284,Shrimp - 100 / 200 Cold Water,1852,1720,0.119723452
285,Cookie Trail Mix,2515,391,0.992691557
286,Table Cloth 54x72 White,4290,2060,0.079999486
287,Soup - Chicken And Wild Rice,3489,5630,0.026945391
288,Straws - Cocktale,6686,696,0.79771303
289,"Pepsi - Diet, 355 Ml",2994,3904,0.594720545
290,Squid Ink,3474,4490,0.111809388
291,Campari,5655,923,0.058197065
292,Chips Potato Swt Chilli Sour,3083,4110,0.351627484
293,Soup - Campbells Mushroom,2111,3337,0.335067855
294,Pepper - Pablano,6986,1624,0.772540889
295,Bagel - Ched Chs Presliced,734,3090,0.389460516
296,Bar Special K,6319,157,0.389356408
297,Ecolab - Ster Bac,6828,2351,0.703920923
298,Cherries - Frozen,4117,5586,0.309190593
299,Boogies,870,5782,0.953691724
300,Bagelers,6066,5871,0.342181781
301,Cookie Dough - Oatmeal Rasin,479,3454,0.680029355
302,Chips Potato Swt Chilli Sour,5203,3869,0.250711853
303,Cranberries - Dry,6812,5664,0.233293689
304,"Mushroom - Chantrelle, Fresh",5360,5488,0.422003815
305,Snapple Lemon Tea,2632,1416,0.834615164
306,Muskox - French Rack,6714,1223,0.806133771
307,Wine - Prosecco Valdobienne,3842,3470,0.648986846
308,Sugar - Monocystal / Rock,1043,5525,0.963862653
309,Bread - Raisin Walnut Oval,5110,601,0.398064638
310,Coffee - Hazelnut Cream,1212,4245,0.698064537
311,Cookies Almond Hazelnut,5929,5718,0.025913609
312,Crab Brie In Phyllo,3159,1662,0.27963986
313,Cheese - Gouda Smoked,256,6943,0.304349373
314,Sage Ground Wiberg,3168,2341,0.396673092
315,Goulash Seasoning,453,3531,0.809015067
316,Energy Drink Bawls,5348,3104,0.321284925
317,Carbonated Water - Wildberry,1436,1874,0.544785205
318,"Juice - Cranberry, 341 Ml",5521,2714,0.02336217
319,Pop - Club Soda Can,1258,3398,0.630546855
320,Muffin Orange Individual,5552,406,0.904908355
321,Beef - Cow Feet Split,5661,2543,0.445877695
322,"Pepper - Paprika, Hungarian",4083,6368,0.78188482
323,"Capon - Breast, Double, Wing On",6890,3197,0.014687576
324,Table Cloth 62x120 Colour,1307,6474,0.440913969
325,"Lemonade - Kiwi, 591 Ml",6856,979,0.60489443
326,Cut Wakame - Hanawakaba,461,5521,0.572271923
327,Squash - Pepper,5156,2474,0.153866614
328,Flour Pastry Super Fine,4653,6662,0.605499411
329,Turnip - White,2046,6638,0.341044626
330,Cream Of Tartar,5622,1122,0.719261362
331,"Chicken - Wings, Tip Off",5167,5387,0.060121574
332,Gatorade - Cool Blue Raspberry,5659,3784,0.692298095
333,Potatoes - Idaho 100 Count,4357,6154,0.069127601
334,Shrimp - 100 / 200 Cold Water,4116,4277,0.045874082
335,Syrup - Chocolate,5739,3170,0.901442393
336,Vector Energy Bar,6322,5272,0.518519543
337,"Nut - Almond, Blanched, Ground",4738,5684,0.966864412
338,Flower - Commercial Spider,2251,2158,0.101170663
339,Tomatoes Tear Drop,233,1005,0.976912305
340,Ham - Black Forest,3696,2936,0.136045411
341,Wine - Fume Blanc Fetzer,3825,202,0.698628517
342,Container - Foam Dixie 12 Oz,1696,6406,0.28680836
343,Wine - Fontanafredda Barolo,3959,362,0.898362629
344,Wine - Hardys Bankside Shiraz,2712,1023,0.654561511
345,Tamarind Paste,2900,3219,0.786647231
346,Bar Energy Chocchip,775,2666,0.142807857
347,Coconut Milk - Unsweetened,3142,3800,0.034777006
348,Island Oasis - Cappucino Mix,4138,2847,0.316209139
349,"Wine - White, Riesling, Henry Of",5513,2643,0.906485777
350,Pork - Sausage Casing,1282,4976,0.361092587
351,Canada Dry,4862,1975,0.512575552
352,Vinegar - Cider,6381,3878,0.238162938
353,Bread - Granary Small Pull,2576,2560,0.241291134
354,Pie Shell - 9,5199,1155,0.514404631
355,Broom - Push,3987,4407,0.438873808
356,Sobe - Orange Carrot,3852,2386,0.6595032
357,Goat - Whole Cut,1838,2325,0.266348717
358,Temperature Recording Station,221,5817,0.934110076
359,Nantuket Peach Orange,2449,678,0.010193273
360,Bread - Granary Small Pull,2720,3208,0.791252506
361,"Rum - Light, Captain Morgan",148,614,0.307515678
362,Cups 10oz Trans,5127,4941,0.085500013
363,Soup - Campbells Beef Strogonoff,400,6721,0.7564091
364,Cheese Cloth,4844,3523,0.14756055
365,Isomalt,2102,5086,0.13631423
366,Filling - Mince Meat,2806,4531,0.456563521
367,Cut Wakame - Hanawakaba,2913,4958,0.021085571
368,Wine - Taylors Reserve,5748,6603,0.422824771
369,"Pork - Tenderloin, Fresh",253,240,0.932777936
370,Wine - Casillero Del Diablo,1547,208,0.271230361
371,Food Colouring - Red,1914,6795,0.096054558
372,Island Oasis - Mango Daiquiri,4302,2881,0.446395564
373,"Cheese - Havarti, Roasted Garlic",5692,6622,0.926644228
374,Milk - 1%,3225,4026,0.280018137
375,"Rosemary - Primerba, Paste",3511,5655,0.836660901
376,Allspice - Jamaican,1140,1008,0.296512382
377,Juice - Lime,3860,5603,0.205446651
378,Sugar Thermometer,4592,5450,0.364094071
379,Taro Root,554,3256,0.909939892
380,Chick Peas - Canned,1976,217,0.397844879
381,"Pasta - Gnocchi, Potato",3644,1117,0.82964263
382,Soup - Campbells Bean Medley,5468,2982,0.23609573
383,Steampan - Foil,5442,1646,0.352077501
384,"Tomatoes - Vine Ripe, Red",3354,1481,0.500038836
385,Lamb - Bones,2213,386,0.153594068
386,Sauce - Oyster,4493,1724,0.994864034
387,Wine - Jackson Triggs Okonagan,5081,2626,0.991394139
388,Bread - Raisin Walnut Pull,5657,1308,0.020388942
389,"Pasta - Fettuccine, Dry",4303,4408,0.512137527
390,Sunflower Seed Raw,2460,6291,0.186550537
391,Rice Wine - Aji Mirin,6464,5206,0.397096828
392,Wine - Ruffino Chianti,5600,973,0.284153092
393,Beer - Rickards Red,6908,1112,0.379897064
394,Sproutsmustard Cress,6679,5610,0.901548335
395,"Bread - Roll, Soft White Round",393,6419,0.644991561
396,Muffin Chocolate Individual Wrap,5483,1982,0.33472888
397,Long Island Ice Tea,4866,3328,0.678968482
398,Wine - Jafflin Bourgongone,2565,4858,0.948775019
399,Chicken - Whole Fryers,1955,6101,0.837737566
400,Egg - Salad Premix,731,177,0.139867483
401,Wine - Lou Black Shiraz,4452,4798,0.090234738
402,Plasticforkblack,5624,1259,0.006198525
403,"Doilies - 5, Paper",3132,800,0.013518089
404,Rice - 7 Grain Blend,5930,2742,0.003030096
405,Table Cloth 90x90 Colour,6858,5593,0.937367377
406,Nacho Chips,3831,3156,0.375658315
407,Wine - Gato Negro Cabernet,923,3855,0.346187255
408,Salmon Atl.whole 8 - 10 Lb,6955,869,0.492467923
409,Pastry - Key Limepoppy Seed Tea,5062,1682,0.012534609
410,Icecream - Dibs,641,3105,0.073336643
411,"Fish - Artic Char, Cold Smoked",2828,5637,0.745092328
412,"Pepper - White, Ground",5598,3249,0.619277643
413,"Fish - Atlantic Salmon, Cold",6715,3444,0.876271658
414,Shrimp - Black Tiger 16/20,2558,1324,0.559535679
415,Fenngreek Seed,6560,1648,0.080901706
416,Longos - Grilled Veg Sandwiches,420,2135,0.451470629
417,"Nut - Almond, Blanched, Ground",2616,4708,0.220673103
418,"Doilies - 8, Paper",3260,6621,0.353813971
419,Chicken - Livers,4716,6809,0.022032871
420,Bread - Hot Dog Buns,5601,2228,0.888799233
421,Ecolab - Power Fusion,2696,3994,0.935049807
422,Sauce - Plum,6988,6482,0.036863067
423,Water - Aquafina Vitamin,3539,2486,0.59314497
424,Beer - Creemore,4218,2655,0.455379176
425,Leeks - Large,2770,6171,0.480174918
426,Dragon Fruit,5668,3436,0.243485422
427,"Pasta - Rotini, Dry",5844,957,0.806499124
428,Pickles - Gherkins,328,5040,0.833111581
429,"Wine - White, Colubia Cresh",5145,2075,0.377689367
430,"Juice - Apple, 500 Ml",81,4537,0.992782748
431,Olives - Stuffed,369,2384,0.22711779
432,Napkin Colour,4410,3269,0.034927732
433,Sobe - Lizard Fuel,4300,356,0.766590705
434,"Pasta - Penne Primavera, Single",2752,3573,0.766042994
435,Beans - Wax,584,6655,0.995766455
436,Bread - Rye,1848,6773,0.066930131
437,Jolt Cola - Red Eye,4953,5599,0.402766154
438,Cookies - Englishbay Wht,5216,2706,0.391325517
439,Cassis,4874,4945,0.543829317
440,Wine - Chablis 2003 Champs,3836,5138,0.295957259
441,Barramundi,4309,2974,0.327942074
442,Muffins - Assorted,3631,6578,0.749868268
443,Beer - Mcauslan Apricot,5880,1776,0.627854799
444,Cod - Black Whole Fillet,2676,5950,0.670199557
445,Ginger - Fresh,4940,2155,0.073686246
446,Wine - Sake,2262,5303,0.768956468
447,"Crab - Dungeness, Whole, live",6353,2453,0.790803436
448,"Beef - Baby, Liver",4515,3729,0.421675905
449,Wine - Cave Springs Dry Riesling,535,92,0.689740461
450,"Leeks - Baby, White",2201,1715,0.176656309
451,Tea - Mint,2830,3017,0.941675563
452,Mussels - Cultivated,1391,5195,0.143131896
453,"Pepper - Black, Whole",1969,5516,0.708749091
454,Venison - Racks Frenched,4489,76,0.199241046
455,Squid - U 5,5465,238,0.94773538
456,"Wine - Harrow Estates, Vidal",3317,4655,0.832487308
457,Juice - Lime,1683,520,0.798106465
458,Potatoes - Mini Red,1328,6686,0.988970721
459,Sprouts Dikon,244,495,0.033639338
460,"Crab - Claws, 26 - 30",2312,5647,0.772376307
461,"Soup - Campbells, Beef Barley",5477,835,0.961060739
462,Cheese - Bocconcini,4918,703,0.156717214
463,Canada Dry,982,3660,0.277823306
464,"Soup - French Onion, Dry",1362,6212,0.695381547
465,Lamb - Shoulder,5383,1427,0.871585484
466,"Olives - Black, Pitted",1383,2871,0.068320505
467,"Lemonade - Kiwi, 591 Ml",3586,622,0.666688236
468,"Mushroom - Chanterelle, Dry",3086,445,0.973001776
469,"C - Plus, Orange",4250,4300,0.078335002
470,Wine - White Cab Sauv.on,3538,2016,0.089199906
471,Sloe Gin - Mcguinness,3813,4974,0.469939692
472,Brandy - Bar,5138,3000,0.604225272
473,Dried Figs,6917,1694,0.262655134
474,Parsley Italian - Fresh,2461,5108,0.547179237
475,Sugar - Monocystal / Rock,3353,2898,0.516539624
476,"Water - Mineral, Natural",4455,4982,0.557722033
477,Soup - Campbells Pasta Fagioli,206,6776,0.319091613
478,V8 - Berry Blend,4113,6391,0.041813211
479,Breakfast Quesadillas,170,2072,0.67161312
480,Carbonated Water - Strawberry,4502,1842,0.363957588
481,Yoplait Drink,1191,480,0.700809028
482,Banana Turning,4945,3004,0.810409547
483,Salt - Kosher,5353,2656,0.086397387
484,"Wine - Red, Colio Cabernet",4256,2701,0.157364534
485,Otomegusa Dashi Konbu,2686,1362,0.126498526
486,"Soup - Beef Conomme, Dry",287,300,0.615649276
487,Carbonated Water - Blackcherry,5470,6783,0.315457254
488,"Sauce - White, Mix",5622,1792,0.899783362
489,"Cheese - Boursin, Garlic / Herbs",5553,3519,0.428754718
490,Kirsch - Schloss,4361,5132,0.688946534
491,Icecream - Dstk Cml And Fdg,3882,6942,0.577383653
492,Beef Dry Aged Tenderloin Aaa,4472,4080,0.694067083
493,"Beef - Roasted, Cooked",3704,5681,0.810888311
494,"Mop Head - Cotton, 24 Oz",2449,1758,0.060166487
495,Filo Dough,5421,967,0.316402727
496,Phyllo Dough,6861,2897,0.57539187
497,Tarts Assorted,5143,785,0.76353744
498,"Tart Shells - Barquettes, Savory",6464,348,0.859876827
499,Scallops 60/80 Iqf,1289,692,0.805260917
500,Bar - Granola Trail Mix Fruit Nut,3720,4122,0.273456647
501,Plastic Arrow Stir Stick,5744,2282,0.457760956
502,"Wine - Cahors Ac 2000, Clos",2580,5525,0.207124979
503,Veal - Liver,2477,3992,0.163200329
504,Croissants Thaw And Serve,3686,496,0.974366447
505,Mince Meat - Filling,5433,3941,0.148519725
506,Juice - Apple 284ml,4637,2059,0.297762397
507,Foam Cup 6 Oz,2097,4571,0.253585595
508,Longos - Assorted Sandwich,6581,4749,0.500317264
509,Island Oasis - Ice Cream Mix,5542,3817,0.830152441
510,Pastrami,1266,3052,0.999360723
511,"Wine - White, Pinot Grigio",2716,6833,0.575779638
512,"Pork - Chop, Frenched",1684,5970,0.90349335
513,"Sole - Dover, Whole, Fresh",3784,5995,0.752160602
514,Muffin - Mix - Creme Brule 15l,3266,1787,0.168504981
515,"Pasta - Rotini, Dry",2039,297,0.580002341
516,Carbonated Water - Blackberry,4671,5004,0.393274459
517,Mini - Vol Au Vents,4126,6458,0.270659351
518,Pastry - Mini French Pastries,3604,6565,0.796606705
519,"Asparagus - White, Fresh",798,5137,0.953478646
520,Halibut - Steaks,3592,628,0.58071058
521,Muffin Hinge Container 6,3846,741,0.437992743
522,"Soup - Campbells, Classic Chix",5822,698,0.951313728
523,Soup Campbells Mexicali Tortilla,6830,6160,0.906966182
524,Muffin Batt - Ban Dream Zero,3269,2807,0.692542542
525,Lighter - Bbq,2810,1193,0.834378849
526,Juice - Prune,4101,451,0.223248006
527,"Oil - Truffle, White",6215,589,0.735048995
528,Transfer Sheets,6990,489,0.446065752
529,"Bread - Rolls, Rye",6207,605,0.9690859
530,Energy Drink Bawls,3194,1686,0.930638853
531,Bagel - 12 Grain Preslice,608,6256,0.735054962
532,"Pasta - Lasagna, Dry",4568,4550,0.86565482
533,Sweet Pea Sprouts,6948,5641,0.234131157
534,"Artichoke - Hearts, Canned",5727,1363,0.764114412
535,Salt - Sea,1468,1936,0.769937712
536,Cheese - Colby,932,4403,0.839767788
537,Baking Soda,3846,2221,0.495636991
538,Soho Lychee Liqueur,1201,3514,0.044951526
539,Soup - Cream Of Potato / Leek,1798,3652,0.373652745
540,Wine - Sicilia Igt Nero Avola,4567,794,0.42991429
541,"Turnip - White, Organic",2999,2692,0.804413471
542,Pepper - Red Bell,2526,3367,0.510015134
543,Tea - Herbal - 6 Asst,2911,2913,0.781257221
544,Beer - Steamwhistle,1489,6092,0.838537163
545,Cheese - Goat,3898,2812,0.244711327
546,Miso Paste White,4955,2652,0.552560648
547,"Coffee - Colombian, Portioned",333,5383,0.644970405
548,Mix Pina Colada,2112,2653,0.265246837
549,Glaze - Clear,3209,4300,0.650436078
550,Walkers Special Old Whiskey,697,1939,0.621174168
551,Pastry - Apple Muffins - Mini,5239,4641,0.219058355
552,Table Cloth 81x81 White,2225,1211,0.091291147
553,Cheese - St. Andre,2208,1355,0.168479856
554,Yeast Dry - Fleischman,4915,5476,0.560528314
555,Bread - Raisin Walnut Oval,4067,3316,0.886832656
556,Wine - Zinfandel Rosenblum,363,2627,0.483436361
557,"Chilli Paste, Ginger Garlic",2236,6541,0.848738347
558,Maintenance Removal Charge,4944,409,0.942461681
559,Beef - Montreal Smoked Brisket,6009,5593,0.810414094
560,Pork - Inside,2976,4672,0.179780046
561,Wine - Sicilia Igt Nero Avola,2109,976,0.751163014
562,"Beans - Kidney, Red Dry",4804,1308,0.389973935
563,Sugar - Individual Portions,6933,1743,0.435179982
564,"Appetizer - Spring Roll, Veg",6880,6777,0.445055269
565,Curry Paste - Madras,4250,6893,0.935564501
566,Broom - Corn,1981,5156,0.936371888
567,Silicone Parch. 16.3x24.3,2893,2278,0.184022453
568,Grenadine,1317,502,0.018233534
569,Cake - Lemon Chiffon,4869,5258,0.1424826
570,Beer - Sleemans Cream Ale,4476,341,0.935664177
571,"Mushroom - Morels, Dry",4377,3172,0.140139556
572,Cleaner - Lime Away,1822,170,0.568540137
573,Arizona - Green Tea,250,3688,0.236599872
574,Soup - Campbells Chicken,989,5106,0.153107793
575,Nestea - Iced Tea,2262,4381,0.288513051
576,English Muffin,564,4338,0.875994659
577,"Marsala - Sperone, Fine, D.o.c.",2028,1705,0.312471987
578,Truffle Shells - White Chocolate,624,5988,0.576586735
579,Bread - Multigrain Oval,6416,2895,0.680566442
580,Hummus - Spread,6666,3958,0.011993164
581,Strawberries,4680,6295,0.125225837
582,Parsley - Dried,204,1366,0.253313315
583,Buffalo - Tenderloin,2223,6063,0.65815047
584,"Wine - Red, Cooking",4144,1587,0.876039266
585,"Olives - Green, Pitted",1993,3028,0.644052268
586,Beer - True North Lager,2751,5461,0.703851659
587,"Roe - Lump Fish, Black",4648,6850,0.818198553
588,Oil - Peanut,4785,2619,0.346706526
589,Sobe - Berry Energy,1752,4957,0.989638627
590,"Asparagus - Green, Fresh",1308,3989,0.255903255
591,Oil - Olive,992,4184,0.870787978
592,Orange Roughy 4/6 Oz,6204,4753,0.538017524
593,Bread - Raisin,3939,4186,0.757885785
594,Pate - Liver,1891,4653,0.586508001
595,"Juice - Clam, 46 Oz",2011,4819,0.332166794
596,Muffin Hinge Container 6,504,543,0.805804211
597,Pineapple - Golden,6757,1133,0.021361582
598,"Pepper - Julienne, Frozen",3045,4497,0.241380669
599,Tahini Paste,1401,845,0.928245557
600,Ecolab - Hand Soap Form Antibac,3093,5465,0.156049205
601,Russian Prince,2931,1025,0.418134167
602,Dc Hikiage Hira Huba,4675,1481,0.108538035
603,Rosemary - Fresh,761,1878,0.81236332
604,The Pop Shoppe - Lime Rickey,4270,3296,0.738809245
605,Veal - Loin,5186,1238,0.63447898
606,Nantucket - Pomegranate Pear,990,6435,0.120381333
607,General Purpose Trigger,6888,3067,0.684745322
608,Energy Drink Bawls,3673,3327,0.838978004
609,Grenadine,1521,2355,0.064388497
610,Peppercorns - Pink,3096,3189,0.316835611
611,Trueblue - Blueberry 12x473ml,5391,3110,0.219580756
612,Scotch - Queen Anne,5616,3544,0.295885189
613,Bar Mix - Lime,3130,469,0.810117523
614,"Beef - Bones, Marrow",2044,627,0.265091009
615,"Tea - Darjeeling, Azzura",3333,2279,0.693732463
616,Anchovy Paste - 56 G Tube,6361,6454,0.829562854
617,Chocolate - Feathers,1923,1054,0.700405395
618,Lettuce - Frisee,364,1139,0.558934192
619,Garbage Bags - Clear,87,2770,0.101066398
620,Icecream - Dstk Cml And Fdg,6618,6761,0.422325399
621,Passion Fruit,2490,3849,0.631641963
622,Tarts Assorted,778,1912,0.457154976
623,Puree - Strawberry,3439,4925,0.908936353
624,Fiddlehead - Frozen,4479,3291,0.223052297
625,Wine - Soave Folonari,5590,1407,0.403943143
626,"Beans - Kidney, Red Dry",421,6483,0.765153015
627,"Lamb - Whole, Frozen",2898,487,0.657020833
628,Garlic Powder,1973,2140,0.483420665
629,"Cup - 6oz, Foam",5587,1057,0.632208277
630,Bacardi Mojito,6450,903,0.118467689
631,Pastry - Butterscotch Baked,4965,1523,0.081166777
632,Tomatoes - Yellow Hot House,630,3261,0.07231203
633,Pie Filling - Cherry,6147,1473,0.28122456
634,Bag Stand,1376,2096,0.781611496
635,Egg - Salad Premix,1498,4632,0.958464555
636,Bread - Granary Small Pull,4753,996,0.711474025
637,Tomatoes - Grape,4147,5306,0.104920874
638,"Nut - Cashews, Whole, Raw",3612,4136,0.272377532
639,Contreau,4498,3404,0.722073961
640,"Wine - White, Pelee Island",1477,5693,0.466060241
641,"Wine - Red, Gallo, Merlot",731,3468,0.247512281
642,Broom Handle,6441,5850,0.398951885
643,Everfresh Products,5662,6222,0.891620955
644,Wine - Magnotta - Bel Paese White,4229,3364,0.187561042
645,Beer - Maudite,4360,5648,0.517349204
646,Broom Handle,6229,92,0.876585768
647,Wine - Alsace Riesling Reserve,1969,6019,0.210145273
648,Cake - Box Window 10x10x2.5,256,246,0.583536781
649,Beer - Moosehead,5812,5314,0.446972524
650,"Veal - Round, Eye Of",5831,3706,0.054759854
651,Brandy - Bar,6919,5342,0.529622963
652,"Wine - White, French Cross",3021,1766,0.571443193
653,Black Currants,2681,117,0.689290403
654,"Apple - Delicious, Red",2469,3009,0.850118843
655,"Glass - Wine, Plastic, Clear 5 Oz",5758,6660,0.545060187
656,Cheese - Parmigiano Reggiano,5795,53,0.442616944
657,Oil - Pumpkinseed,4665,2459,0.864973959
658,Wine - Toasted Head,6741,2319,0.693315489
659,"Soup - Campbells, Minestrone",4947,3267,0.34734331
660,Cafe Royale,6429,1133,0.055933516
661,"Peas - Pigeon, Dry",2198,6597,0.084938718
662,"Juice - Apple, 1.36l",4339,4945,0.950394039
663,Nantucket - Carrot Orange,3695,189,0.369119185
664,Tea - Herbal Orange Spice,6991,4134,0.795843535
665,Bread - Pumpernickel,228,805,0.015868003
666,"Soup - Campbells, Chix Gumbo",1035,6002,0.77641669
667,Wine - Pinot Noir Stoneleigh,6129,762,0.551025766
668,"Rosemary - Primerba, Paste",2468,6730,0.267085147
669,Steam Pan - Half Size Deep,2086,4572,0.657112008
670,Sardines,2594,6097,0.360154842
671,Appetizer - Lobster Phyllo Roll,3968,2090,0.167645146
672,Tofu - Firm,3685,1628,0.719744944
673,"Doilies - 8, Paper",6362,6354,0.655059917
674,Pants Custom Dry Clean,6607,6876,0.128439435
675,Bagel - Whole White Sesame,2456,3563,0.068871228
676,Cheese - St. Andre,3197,6105,0.265028179
677,Skirt - 24 Foot,3243,648,0.470945402
678,Pastry - Plain Baked Croissant,5303,4286,0.349881815
679,Salad Dressing,4634,1182,0.256890475
680,Cookies Oatmeal Raisin,2619,4441,0.23255684
681,Pastry - Baked Scones - Mini,326,6996,0.05429209
682,Buffalo - Short Rib Fresh,3152,660,0.934040233
683,Emulsifier,1698,6445,0.99812
684,Pepper - Cayenne,1008,767,0.186342086
685,"Beer - Alexander Kieths, Pale Ale",6863,6222,0.756011915
686,"Beans - Black Bean, Dry",4591,2571,0.750380194
687,"Basil - Primerba, Paste",6089,3135,0.726565811
688,"Pasta - Spaghetti, Dry",3262,1608,0.185857721
689,"Lemonade - Natural, 591 Ml",1406,53,0.866944877
690,"Trout - Hot Smkd, Dbl Fillet",1077,3863,0.755060177
691,Chevril,4911,5333,0.508419345
692,Cookie - Oatmeal,5225,2146,0.114808795
693,Scampi Tail,6875,2211,0.958092037
694,Muffin Mix - Corn Harvest,3885,3775,0.922480819
695,Juice - Mango,6448,1344,0.766975296
696,Vodka - Smirnoff,4967,6072,0.117056362
697,Shrimp - Black Tiger 6 - 8,5972,5348,0.584814691
698,Salt And Pepper Mix - White,2507,6985,0.672708574
699,Creme De Cacao White,3541,6884,0.919929507
700,Milk - Chocolate 250 Ml,1558,3261,0.639386806
701,Wanton Wrap,4233,3806,0.980645206
702,Rice - Long Grain,3795,4012,0.111810541
703,"Pasta - Penne, Lisce, Dry",1943,2853,0.108049626
704,Pastry - Baked Scones - Mini,4372,6238,0.571469638
705,Muffin Mix - Morning Glory,4497,5704,0.322984514
706,Wine - Savigny - Les - Beaune,5560,2095,0.561786302
707,Oats Large Flake,419,3215,0.247735569
708,"Liners - Banana, Paper",1007,6344,0.590081439
709,"Artichoke - Bottom, Canned",2647,5757,0.521478058
710,"Bread - Roll, Whole Wheat",3577,6283,0.426171737
711,Bread - Bistro White,3690,4282,0.85314115
712,Ecolab - Power Fusion,6604,187,0.583376753
713,Banana - Green,3520,3506,0.16446734
714,Pie Shell - 9,5105,5188,0.815178011
715,"Turnip - White, Organic",5556,384,0.315453052
716,Beef - Salted,2134,5273,0.156530124
717,"Coke - Diet, 355 Ml",5354,2020,0.736507144
718,Hummus - Spread,5036,3224,0.58598894
719,Fuji Apples,1748,1844,0.872211116
720,"Crush - Grape, 355 Ml",1440,902,0.160747163
721,Stock - Fish,1150,386,0.925925219
722,"Pail - 15l White, With Handle",1533,4520,0.456457397
723,"Fish - Artic Char, Cold Smoked",3375,139,0.275692887
724,Sausage - Chorizo,6342,5163,0.640038377
725,Wine - Chateau Timberlay,6207,4276,0.823655446
726,Water - Spring Water 500ml,3821,2984,0.930439623
727,Cabbage - Green,907,2144,0.153878418
728,Cake - Sheet Strawberry,5483,2875,0.280142708
729,Bread - 10 Grain Parisian,5798,108,0.311977013
730,Cape Capensis - Fillet,2577,4573,0.799487368
731,Pickles - Gherkins,3258,3027,0.590671532
732,Rice - Aborio,6569,1185,0.4091178
733,Gloves - Goldtouch Disposable,4138,4905,0.216687747
734,Wine - Black Tower Qr,1008,284,0.866973631
735,"Wine - White, Pelee Island",5795,828,0.761249386
736,Apple - Granny Smith,2586,6632,0.182084835
737,Onions - Spanish,414,5811,0.318138409
738,Coffee - Dark Roast,1661,4700,0.540466244
739,"Yogurt - Strawberry, 175 Gr",5186,252,0.080827899
740,Parsnip,4474,5479,0.721379787
741,"Soup - Knorr, Ministrone",4271,5170,0.618339969
742,Wine - Two Oceans Sauvignon,3846,4901,0.328106788
743,Nantucket Cranberry Juice,499,787,0.134757838
744,Vinegar - Red Wine,846,438,0.181684724
745,Cake - Pancake,4709,4267,0.291990798
746,Bread - Sour Batard,2932,6649,0.020852015
747,Foie Gras,5907,6960,0.22764273
748,Bag Stand,370,5011,0.352356158
749,Wine - Alsace Gewurztraminer,265,6197,0.456496642
750,Cream - 18%,3490,3862,0.33422548
751,Yogurt - Plain,6122,273,0.605563372
752,Sauce - Salsa,1649,339,0.696863549
753,Juice - Orangina,6473,4878,0.831496161
754,Wine - Niagara Peninsula Vqa,5508,4850,0.700062709
755,"Beans - Long, Chinese",659,4905,0.611384324
756,"Brownies - Two Bite, Chocolate",457,3610,0.972051995
757,Wine - Prosecco Valdobiaddene,5618,5489,0.738761108
758,"Turkey - Breast, Smoked",4767,4603,0.723936569
759,Turnip - Mini,2244,5470,0.603328019
760,"Wine - White, Mosel Gold",3373,2302,0.746005076
761,Kaffir Lime Leaves,3583,780,0.731972288
762,Veal - Loin,2873,4443,0.182273514
763,"Tomatoes - Vine Ripe, Red",6487,6337,0.806682597
764,Rabbit - Whole,3926,4352,0.612467578
765,Soup - Campbells Beef Stew,2735,2334,0.247479787
766,"Quail - Whole, Bone - In",1001,2803,0.766227198
767,Plasticforkblack,3254,3358,0.642396855
768,Peas - Frozen,5003,6079,0.720625011
769,"Bread - Rolls, Rye",1309,567,0.953817137
770,Lettuce - Red Leaf,6362,3018,0.194122903
771,Sugar - Monocystal / Rock,5339,4401,0.665759147
772,Coffee Cup 8oz 5338cd,4640,3251,0.641905856
773,Sauce - Ranch Dressing,2002,1882,0.811056595
774,Baking Powder,868,6078,0.775964539
775,Mace,3135,3355,0.757951223
776,Banana Turning,1034,5853,0.1395317
777,Sherry - Dry,259,6109,0.49647986
778,Assorted Desserts,4683,3400,0.696458438
779,Shrimp - Tiger 21/25,1642,2445,0.935595966
780,Wine - Masi Valpolocell,2570,5117,0.135758919
781,"Asparagus - White, Canned",4245,1960,0.073678819
782,Lamb Tenderloin Nz Fr,722,5118,0.883253572
783,Muffin - Mix - Creme Brule 15l,703,4573,0.808558349
784,Butter - Unsalted,4211,667,0.147809689
785,Squid - Tubes / Tenticles 10/20,4001,6404,0.611540589
786,"Basil - Dry, Rubbed",3770,3134,0.79208059
787,Oil - Safflower,1936,3236,0.70134058
788,Rye Special Old,952,4801,0.848060588
789,Turkey Tenderloin Frozen,4603,1605,0.532317249
790,Tray - 12in Rnd Blk,5679,858,0.133215149
791,Wine - Chianti Classico Riserva,818,524,0.627102685
792,"Brocolinni - Gaylan, Chinese",838,889,0.35073952
793,Beef Flat Iron Steak,3014,1488,0.684447194
794,Compound - Rum,5432,4354,0.586547305
795,"Veal - Inside, Choice",3647,6407,0.378202628
796,Truffle Paste,249,6501,0.538410174
797,Dry Ice,561,1358,0.413949834
798,"Fish - Soup Base, Bouillon",3335,4313,0.6213924
799,Carbonated Water - Blackcherry,3211,1326,0.783793912
800,Wine - Lamancha Do Crianza,3008,3671,0.171496651
801,Dish Towel,6241,6419,0.287477541
802,Sprouts - Alfalfa,1327,1797,0.1843816
803,Pie Pecan,3154,6396,0.079579512
804,Beer - Corona,2080,162,0.769494074
805,Butter Balls Salted,739,5964,0.91426676
806,Table Cloth 53x69 White,2308,6572,0.71128134
807,Pear - Halves,813,2449,0.614942333
808,Chip - Potato Dill Pickle,1646,5860,0.355435364
809,Sage - Ground,1737,2985,0.236598706
810,Bread - Burger,4480,2963,0.59802331
811,"Pineapple - Canned, Rings",5128,5590,0.282353765
812,Beer - Upper Canada Lager,2345,3768,0.481751607
813,Cod - Black Whole Fillet,6285,3671,0.037069948
814,Vinegar - Sherry,1075,1446,0.655374529
815,Pork - European Side Bacon,1075,5370,0.537839563
816,Aromat Spice / Seasoning,4733,6702,0.986621904
817,Assorted Desserts,3143,858,0.593424855
818,Chocolate - Unsweetened,2988,438,0.602474377
819,Couscous,1352,3628,0.880256211
820,Table Cloth - 53x69 Colour,4430,1194,0.466490386
821,"Pork - Loin, Center Cut",5120,3436,0.052369256
822,Tea - Lemon Scented,2490,3401,0.925276234
823,"Bread - Pita, Mini",5737,4614,0.618074098
824,Compound - Rum,967,517,0.693994346
825,Plums - Red,5490,2942,0.758190533
826,Wine - Prosecco Valdobiaddene,3655,3225,0.377022024
827,Basil - Seedlings Cookstown,4727,4682,0.100847422
828,Pepper - Jalapeno,5382,1863,0.231795919
829,Tart - Lemon,4937,2417,0.178869499
830,Bar Nature Valley,1825,6359,0.914476962
831,Sauce - Hoisin,3528,58,0.121174062
832,"Pesto - Primerba, Paste",5298,6997,0.447000736
833,Alize Red Passion,838,5544,0.279573225
834,Wine - Maipo Valle Cabernet,3838,2588,0.076525695
835,Soup - Campbells,5750,443,0.712339645
836,Carbonated Water - Strawberry,2170,1285,0.933245058
837,"Glass - Wine, Plastic, Clear 5 Oz",4924,5745,0.563376589
838,Rice - Basmati,3659,4677,0.463483666
839,Salt And Pepper Mix - White,6911,4208,0.376049582
840,Hipnotiq Liquor,6984,4760,0.89157818
841,Wine - Guy Sage Touraine,4419,2658,0.928156231
842,Ham - Procutinni,327,2989,0.631473599
843,"Beans - Black Bean, Canned",3563,6673,0.616712267
844,Sauce - Plum,3726,1208,0.004752569
845,Veal - Ground,4764,4557,0.297264628
846,Irish Cream - Baileys,3854,895,0.848305437
847,Dried Figs,6253,4072,0.813245011
848,Beer - Mcauslan Apricot,1169,2075,0.071073685
849,Icecream - Dstk Super Cone,5495,2389,0.0503129
850,Garbage Bags - Clear,656,2499,0.334444625
851,Eggplant Oriental,283,1024,0.157991341
852,"Wine - White, Concha Y Toro",2657,6513,0.533733092
853,Cake - Lemon Chiffon,1428,2690,0.80939751
854,Cookies Oatmeal Raisin,967,5224,0.896804008
855,Cocoa Feuilletine,2447,4222,0.937185385
856,"Pasta - Rotini, Dry",5916,4336,0.178094151
857,"Bread - Bagels, Mini",1987,3101,0.967201358
858,Melon - Cantaloupe,1520,2678,0.781210312
859,Ice Cream - Fudge Bars,3896,923,0.59708945
860,Fond - Chocolate,2787,1853,0.506810125
861,Lemon Grass,6868,2766,0.10587992
862,Beer - Labatt Blue,526,6231,0.007533818
863,Filter - Coffee,6124,743,0.434727641
864,Ocean Spray - Ruby Red,5844,3776,0.379150598
865,Kellogs Special K Cereal,322,1720,0.967551665
866,Bread - Mini Hamburger Bun,6506,6743,0.376279979
867,"Vermouth - Sweet, Cinzano",4260,5873,0.234719339
868,Wine - Chardonnay Mondavi,4901,4477,0.779220582
869,Venison - Ground,4948,6842,0.771577824
870,Wine - Lamancha Do Crianza,5973,371,0.452095926
871,Dr. Pepper - 355ml,4974,4980,0.872221746
872,Truffle Cups - Red,4697,2778,0.494299694
873,Pear - Packum,4306,4569,0.727495554
874,Wine - Spumante Bambino White,1493,6142,0.89960131
875,Table Cloth 53x53 White,4341,6330,0.227178591
876,Bread Base - Italian,1756,1810,0.494164867
877,Ham - Cooked Italian,1466,4332,0.472536232
878,Ice Cream - Chocolate,5237,4625,0.349353621
879,Bread - Calabrese Baguette,1142,1921,0.005866931
880,"Artichoke - Bottom, Canned",5573,6961,0.247225148
881,Vinegar - Cider,4980,1725,0.87877079
882,Sauce - Rosee,6587,3961,0.067104623
883,Apple - Macintosh,3802,4484,0.313723684
884,Skirt - 29 Foot,6623,755,0.749161423
885,Soup - Campbells Pasta Fagioli,2224,1606,0.102085248
886,Nougat - Paste / Cream,5182,247,0.874750278
887,Crab Brie In Phyllo,2320,5004,0.871803395
888,Food Colouring - Orange,3657,2385,0.458451556
889,Ecolab - Hobart Washarm End Cap,5392,6349,0.307393442
890,Plasticforkblack,6631,982,0.453432898
891,Puree - Kiwi,438,2727,0.229739386
892,"Wine - White, Chardonnay",6410,2299,0.324005121
893,"Stock - Veal, White",1856,5345,0.287262129
894,Cape Capensis - Fillet,4722,2583,0.863899673
895,"Mop Head - Cotton, 24 Oz",94,1068,0.951840913
896,Cheese Cloth No 60,1629,4435,0.04802743
897,Muffin - Mix - Strawberry Rhubarb,5596,3759,0.592686684
898,"Doilies - 5, Paper",4596,1078,0.117678882
899,Carbonated Water - Lemon Lime,4661,4783,0.78244466
900,Truffle - Peelings,79,5778,0.19564687
901,Lambcasing,2076,3384,0.807875029
902,Syrup - Monin - Granny Smith,107,1613,0.055191098
903,Asparagus - Mexican,789,5373,0.861674794
904,Dehydrated Kelp Kombo,4847,3140,0.343566343
905,Bread - Bistro White,4780,5491,0.774322955
906,Pork - Backfat,2744,5524,0.340449125
907,Onions - Vidalia,1019,6828,0.45411418
908,Muffin - Banana Nut Individual,3510,2419,0.258482691
909,Sobe - Berry Energy,3499,2138,0.341328518
910,Lemonade - Pineapple Passion,570,691,0.765167452
911,Cake - Cake Sheet Macaroon,6172,6736,0.054216088
912,Salt - Table,5918,2873,0.876209545
913,Pork - Ground,1794,275,0.676250747
914,Pepper - Green Thai,5140,323,0.332832867
915,"Turkey - Breast, Smoked",3844,230,0.093470258
916,Sauce - Rosee,1095,4616,0.237876044
917,Mix - Cocktail Ice Cream,1590,4282,0.431776743
918,"Beef - Rouladin, Sliced",6525,3172,0.446848573
919,Cloves - Ground,2885,5299,0.297423875
920,Coffee - Espresso,4429,5070,0.389389898
921,Cookies Almond Hazelnut,6584,794,0.28389009
922,"Soup - Campbells, Beef Barley",6627,2656,0.644483388
923,"Tomatoes - Vine Ripe, Red",3972,5517,0.422436824
924,Soup - Campbells Chili,2276,5573,0.12047217
925,Arrowroot,2965,1006,0.001101437
926,Capon - Whole,2947,6587,0.310456
927,"Cheese - Manchego, Spanish",1280,3483,0.365826222
928,"Turkey - Breast, Boneless Sk On",548,2688,0.827913378
929,Muffin Mix - Morning Glory,5238,654,0.965216511
930,"Apple - Delicious, Golden",6313,121,0.19124126
931,Muffin Mix - Carrot,2261,314,0.503667059
932,Sugar - Brown,5978,6803,0.84350291
933,Pastrami,5921,2857,0.521899012
934,Soup - Campbells Pasta Fagioli,4133,4353,0.329500266
935,"Wine - Harrow Estates, Vidal",2988,4498,0.668121212
936,English Muffin,105,1300,0.939601415
937,Cocoa Butter,747,3163,0.908568558
938,Kolrabi,6178,4944,0.931501004
939,Versatainer Nc - 888,4363,2079,0.550252696
940,"Wine - Red, Cooking",5770,901,0.779078705
941,Dc Hikiage Hira Huba,3565,923,0.92803806
942,Ice Cream Bar - Oreo Sandwich,3290,6992,0.144929555
943,"Lobster - Baby, Boiled",2577,1730,0.387937333
944,Nut - Macadamia,1317,2063,0.403523043
945,Wine - Chardonnay South,2727,4013,0.344798649
946,Tart - Pecan Butter Squares,3230,6150,0.182002823
947,Cardamon Seed / Pod,787,6791,0.175338849
948,"Chilli Paste, Ginger Garlic",5928,3940,0.071453713
949,Table Cloth 81x81 Colour,3750,1181,0.782575292
950,Flour - Teff,2262,1125,0.795113761
951,Creme De Menth - White,5434,1659,0.427190432
952,Anchovy In Oil,2683,5885,0.344753143
953,Veal - Kidney,195,4033,0.28009771
954,V8 - Tropical Blend,2591,4096,0.77118763
955,"Brownies - Two Bite, Chocolate",6442,5350,0.313778588
956,"Soup - Campbells, Spinach Crm",3208,1277,0.956808819
957,Beef - Short Ribs,6397,3990,0.477928118
958,Pork - Side Ribs,5851,3141,0.503986446
959,Piping - Bags Quizna,3231,5317,0.254665227
960,Energy Drink - Franks Original,6007,6558,0.314808483
961,Miso - Soy Bean Paste,222,6284,0.378226773
962,Soup Campbells - Italian Wedding,2161,5981,0.07850804
963,Calaloo,5782,1955,0.033107592
964,Lumpfish Black,6691,3616,0.314802693
965,Gatorade - Orange,923,474,0.381332216
966,Appetizer - Seafood Assortment,6360,1272,0.522550177
967,Smirnoff Green Apple Twist,1325,227,0.258008089
968,"Pesto - Primerba, Paste",3201,1930,0.799464937
969,Chervil - Fresh,3863,2849,0.221041473
970,Ice Cream Bar - Oreo Sandwich,2414,5929,0.523969707
971,Cheese - Cambozola,742,5903,0.958258359
972,Sour Puss Raspberry,4749,2021,0.6721758
973,Peas - Frozen,4641,3545,0.44914793
974,"Wine - Saint - Bris 2002, Sauv",6902,1041,0.66634641
975,"Doilies - 7, Paper",3821,6556,0.849732505
976,Squash - Sunburst,1652,4655,0.974742666
977,Sponge Cake Mix - Chocolate,6800,3479,0.204811725
978,"Tart Shells - Savory, 3",1147,6555,0.846558052
979,"Wine - White, Riesling, Semi - Dry",3016,6397,0.595646143
980,"Pepper - Black, Whole",867,1762,0.87524378
981,Cream - 10%,3061,3556,0.78676524
982,Sauce - Hollandaise,6994,5868,0.413930999
983,Wine - Dubouef Macon - Villages,1116,3080,0.055619216
984,Bag - Clear 7 Lb,86,6387,0.945388394
985,Pasta - Agnolotti - Butternut,3177,1076,0.48741188
986,Pear - Asian,510,1040,0.327463318
987,"Shrimp, Dried, Small / Lb",5045,5621,0.723749085
988,Mudslide,5156,3483,0.828207193
989,"Veal - Insides, Grains",409,866,0.80529953
990,Shrimp - Tiger 21/25,6905,5588,0.488519243
991,Onions - Pearl,6169,57,0.744964503
992,Steampan - Foil,2298,4925,0.986747854
993,Wine - Semi Dry Riesling Vineland,1192,2497,0.230344879
994,Pears - Bartlett,3523,353,0.849686587
995,Bar Mix - Lemon,2004,522,0.563633477
996,Mints - Striped Red,417,4271,0.801694818
997,Tray - 16in Rnd Blk,6802,4530,0.392339651
998,"Soup - Campbells, Cream Of",3528,548,0.493843481
999,Asparagus - Frozen,5196,4228,0.309791599
1000,Tahini Paste,1905,103,0.768124152
1001,tomatoes,50,95,0.28
1002,potatoes,60,90,0.15
1003,apples,200,300,0.27
1004,banannas,300,400,0.13
